decade,team_size_bucket,first_time_author_ratio,count
1941-1950,1,0.0,17786
1941-1950,1,1.0,18751
1941-1950,2,0.0,2120
1941-1950,2,0.5,3693
1941-1950,2,1.0,2757
1941-1950,3,0.0,254
1941-1950,3,0.3333333333333333,470
1941-1950,3,0.6666666666666666,559
1941-1950,3,1.0,428
1941-1950,4,0.0,34
1941-1950,4,0.25,53
1941-1950,4,0.5,94
1941-1950,4,0.75,90
1941-1950,4,1.0,60
1941-1950,5,0.0,5
1941-1950,5,0.2,4
1941-1950,5,0.4,5
1941-1950,5,0.6,12
1941-1950,5,0.8,13
1941-1950,5,1.0,10
1941-1950,6,0.1666666666666666,1
1941-1950,6,0.3333333333333333,1
1941-1950,6,0.6666666666666666,1
1941-1950,6,0.8333333333333333,1
1941-1950,6,1.0,4
1941-1950,7,0.7142857142857143,1
1941-1950,7,1.0,3
1941-1950,8+,0.3333333333333333,1
1941-1950,8+,0.4545454545454545,1
1941-1950,8+,0.8888888888888888,1
1951-1960,1,0.0,106474
1951-1960,1,1.0,40861
1951-1960,2,0.0,30854
1951-1960,2,0.5,25722
1951-1960,2,1.0,6359
1951-1960,3,0.0,6528
1951-1960,3,0.3333333333333333,7044
1951-1960,3,0.6666666666666666,4042
1951-1960,3,1.0,1148
1951-1960,4,0.0,1318
1951-1960,4,0.25,1559
1951-1960,4,0.5,1223
1951-1960,4,0.75,635
1951-1960,4,1.0,207
1951-1960,5,0.0,238
1951-1960,5,0.2,320
1951-1960,5,0.4,245
1951-1960,5,0.6,206
1951-1960,5,0.8,106
1951-1960,5,1.0,39
1951-1960,6,0.0,60
1951-1960,6,0.1666666666666666,84
1951-1960,6,0.3333333333333333,77
1951-1960,6,0.5,76
1951-1960,6,0.6666666666666666,55
1951-1960,6,0.8333333333333333,41
1951-1960,6,1.0,24
1951-1960,7,0.0,16
1951-1960,7,0.1428571428571428,20
1951-1960,7,0.2857142857142857,20
1951-1960,7,0.4285714285714285,21
1951-1960,7,0.5714285714285714,18
1951-1960,7,0.7142857142857143,16
1951-1960,7,0.8571428571428571,7
1951-1960,7,1.0,4
1951-1960,8+,0.0,6
1951-1960,8+,0.0769230769230769,1
1951-1960,8+,0.0833333333333333,1
1951-1960,8+,0.1111111111111111,1
1951-1960,8+,0.125,9
1951-1960,8+,0.2,2
1951-1960,8+,0.2222222222222222,4
1951-1960,8+,0.25,4
1951-1960,8+,0.3,2
1951-1960,8+,0.3333333333333333,2
1951-1960,8+,0.4,2
1951-1960,8+,0.4166666666666666,1
1951-1960,8+,0.4444444444444444,1
1951-1960,8+,0.5,6
1951-1960,8+,0.5454545454545454,1
1951-1960,8+,0.5555555555555555,5
1951-1960,8+,0.6,3
1951-1960,8+,0.625,11
1951-1960,8+,0.6363636363636364,2
1951-1960,8+,0.6666666666666666,3
1951-1960,8+,0.7,1
1951-1960,8+,0.75,6
1951-1960,8+,0.7777777777777777,2
1951-1960,8+,0.8,1
1951-1960,8+,0.875,1
1951-1960,8+,0.909090909090909,1
1951-1960,8+,1.0,7
1961-1970,1,0.0,279195
1961-1970,1,1.0,74344
1961-1970,2,0.0,138874
1961-1970,2,0.5,85840
1961-1970,2,1.0,14012
1961-1970,3,0.0,41840
1961-1970,3,0.3333333333333333,34792
1961-1970,3,0.6666666666666666,13843
1961-1970,3,1.0,4219
1961-1970,4,0.0,10366
1961-1970,4,0.25,9827
1961-1970,4,0.5,5681
1961-1970,4,0.75,2333
1961-1970,4,1.0,1605
1961-1970,5,0.0,2559
1961-1970,5,0.2,2390
1961-1970,5,0.4,1812
1961-1970,5,0.6,932
1961-1970,5,0.8,537
1961-1970,5,1.0,753
1961-1970,6,0.0,640
1961-1970,6,0.1666666666666666,704
1961-1970,6,0.3333333333333333,521
1961-1970,6,0.5,348
1961-1970,6,0.6666666666666666,189
1961-1970,6,0.8333333333333333,154
1961-1970,6,1.0,343
1961-1970,7,0.0,229
1961-1970,7,0.1428571428571428,232
1961-1970,7,0.2857142857142857,195
1961-1970,7,0.4285714285714285,105
1961-1970,7,0.5714285714285714,83
1961-1970,7,0.7142857142857143,39
1961-1970,7,0.8571428571428571,54
1961-1970,7,1.0,158
1961-1970,8+,0.0,162
1961-1970,8+,0.0666666666666666,1
1961-1970,8+,0.0714285714285714,6
1961-1970,8+,0.0769230769230769,6
1961-1970,8+,0.0833333333333333,3
1961-1970,8+,0.0909090909090909,10
1961-1970,8+,0.0952380952380952,1
1961-1970,8+,0.1,24
1961-1970,8+,0.1111111111111111,27
1961-1970,8+,0.1176470588235294,1
1961-1970,8+,0.125,91
1961-1970,8+,0.1333333333333333,2
1961-1970,8+,0.1428571428571428,1
1961-1970,8+,0.1538461538461538,3
1961-1970,8+,0.1578947368421052,1
1961-1970,8+,0.1666666666666666,4
1961-1970,8+,0.1818181818181818,11
1961-1970,8+,0.2,19
1961-1970,8+,0.2142857142857142,1
1961-1970,8+,0.2222222222222222,34
1961-1970,8+,0.2307692307692307,3
1961-1970,8+,0.25,78
1961-1970,8+,0.2666666666666666,1
1961-1970,8+,0.2727272727272727,5
1961-1970,8+,0.2941176470588235,1
1961-1970,8+,0.3,11
1961-1970,8+,0.3076923076923077,4
1961-1970,8+,0.3333333333333333,18
1961-1970,8+,0.3571428571428571,1
1961-1970,8+,0.3636363636363636,6
1961-1970,8+,0.375,52
1961-1970,8+,0.3846153846153846,1
1961-1970,8+,0.4,11
1961-1970,8+,0.4102564102564102,1
1961-1970,8+,0.4166666666666666,2
1961-1970,8+,0.4285714285714285,3
1961-1970,8+,0.4375,1
1961-1970,8+,0.4444444444444444,14
1961-1970,8+,0.4545454545454545,5
1961-1970,8+,0.4615384615384615,1
1961-1970,8+,0.4666666666666666,1
1961-1970,8+,0.5,45
1961-1970,8+,0.5454545454545454,2
1961-1970,8+,0.5555555555555555,10
1961-1970,8+,0.5652173913043477,1
1961-1970,8+,0.5714285714285714,1
1961-1970,8+,0.6,2
1961-1970,8+,0.611111111111111,1
1961-1970,8+,0.6153846153846154,1
1961-1970,8+,0.625,22
1961-1970,8+,0.6363636363636364,3
1961-1970,8+,0.6666666666666666,13
1961-1970,8+,0.6818181818181817,1
1961-1970,8+,0.7272727272727272,1
1961-1970,8+,0.75,13
1961-1970,8+,0.7692307692307692,1
1961-1970,8+,0.7777777777777777,3
1961-1970,8+,0.7857142857142857,2
1961-1970,8+,0.8,1
1961-1970,8+,0.8181818181818182,3
1961-1970,8+,0.8461538461538461,1
1961-1970,8+,0.8571428571428571,1
1961-1970,8+,0.875,41
1961-1970,8+,0.8888888888888888,9
1961-1970,8+,0.9,3
1961-1970,8+,0.9166666666666666,2
1961-1970,8+,0.9230769230769232,2
1961-1970,8+,0.9285714285714286,2
1961-1970,8+,0.9375,1
1961-1970,8+,0.9523809523809524,1
1961-1970,8+,1.0,102
1971-1980,1,0.0,469123
1971-1980,1,1.0,84147
1971-1980,2,0.0,333905
1971-1980,2,0.5,147952
1971-1980,2,1.0,14926
1971-1980,3,0.0,141131
1971-1980,3,0.3333333333333333,88222
1971-1980,3,0.6666666666666666,24492
1971-1980,3,1.0,3399
1971-1980,4,0.0,49173
1971-1980,4,0.25,36260
1971-1980,4,0.5,15740
1971-1980,4,0.75,4454
1971-1980,4,1.0,870
1971-1980,5,0.0,15513
1971-1980,5,0.2,12479
1971-1980,5,0.4,6676
1971-1980,5,0.6,2752
1971-1980,5,0.8,902
1971-1980,5,1.0,255
1971-1980,6,0.0,5354
1971-1980,6,0.1666666666666666,4602
1971-1980,6,0.3333333333333333,2561
1971-1980,6,0.5,1290
1971-1980,6,0.6666666666666666,560
1971-1980,6,0.8333333333333333,220
1971-1980,6,1.0,83
1971-1980,7,0.0,1738
1971-1980,7,0.1428571428571428,1648
1971-1980,7,0.2857142857142857,1029
1971-1980,7,0.4285714285714285,604
1971-1980,7,0.5714285714285714,269
1971-1980,7,0.7142857142857143,118
1971-1980,7,0.8571428571428571,60
1971-1980,7,1.0,37
1971-1980,8+,0.0,1273
1971-1980,8+,0.037037037037037,1
1971-1980,8+,0.04,1
1971-1980,8+,0.0416666666666666,1
1971-1980,8+,0.0476190476190476,2
1971-1980,8+,0.05,1
1971-1980,8+,0.0555555555555555,1
1971-1980,8+,0.0588235294117647,3
1971-1980,8+,0.0625,6
1971-1980,8+,0.0666666666666666,8
1971-1980,8+,0.0714285714285714,12
1971-1980,8+,0.0769230769230769,21
1971-1980,8+,0.0833333333333333,34
1971-1980,8+,0.0909090909090909,51
1971-1980,8+,0.0952380952380952,2
1971-1980,8+,0.1,137
1971-1980,8+,0.1111111111111111,280
1971-1980,8+,0.1176470588235294,1
1971-1980,8+,0.125,654
1971-1980,8+,0.1333333333333333,7
1971-1980,8+,0.1363636363636363,1
1971-1980,8+,0.1428571428571428,7
1971-1980,8+,0.1538461538461538,17
1971-1980,8+,0.1578947368421052,2
1971-1980,8+,0.1666666666666666,31
1971-1980,8+,0.1739130434782608,1
1971-1980,8+,0.1764705882352941,3
1971-1980,8+,0.1818181818181818,44
1971-1980,8+,0.1851851851851851,1
1971-1980,8+,0.1875,3
1971-1980,8+,0.2,108
1971-1980,8+,0.2105263157894736,3
1971-1980,8+,0.2142857142857142,9
1971-1980,8+,0.2222222222222222,184
1971-1980,8+,0.2307692307692307,7
1971-1980,8+,0.24,1
1971-1980,8+,0.25,473
1971-1980,8+,0.2666666666666666,6
1971-1980,8+,0.2727272727272727,32
1971-1980,8+,0.2857142857142857,6
1971-1980,8+,0.2941176470588235,1
1971-1980,8+,0.3,62
1971-1980,8+,0.3043478260869565,1
1971-1980,8+,0.3076923076923077,12
1971-1980,8+,0.3125,5
1971-1980,8+,0.3333333333333333,148
1971-1980,8+,0.3571428571428571,5
1971-1980,8+,0.3636363636363636,21
1971-1980,8+,0.3684210526315789,1
1971-1980,8+,0.375,277
1971-1980,8+,0.3846153846153846,6
1971-1980,8+,0.4,48
1971-1980,8+,0.4166666666666666,8
1971-1980,8+,0.4210526315789473,1
1971-1980,8+,0.4285714285714285,1
1971-1980,8+,0.4444444444444444,82
1971-1980,8+,0.4545454545454545,11
1971-1980,8+,0.4615384615384615,6
1971-1980,8+,0.4666666666666666,3
1971-1980,8+,0.5,183
1971-1980,8+,0.5294117647058822,1
1971-1980,8+,0.5333333333333333,1
1971-1980,8+,0.5384615384615384,2
1971-1980,8+,0.5454545454545454,13
1971-1980,8+,0.5555555555555555,37
1971-1980,8+,0.5714285714285714,1
1971-1980,8+,0.5769230769230768,1
1971-1980,8+,0.5833333333333333,3
1971-1980,8+,0.6,15
1971-1980,8+,0.6153846153846154,3
1971-1980,8+,0.625,78
1971-1980,8+,0.6363636363636364,5
1971-1980,8+,0.6428571428571429,3
1971-1980,8+,0.6666666666666666,24
1971-1980,8+,0.6923076923076922,1
1971-1980,8+,0.7,15
1971-1980,8+,0.7142857142857143,1
1971-1980,8+,0.7222222222222222,1
1971-1980,8+,0.7272727272727272,3
1971-1980,8+,0.7333333333333332,1
1971-1980,8+,0.75,41
1971-1980,8+,0.7692307692307692,1
1971-1980,8+,0.7777777777777777,13
1971-1980,8+,0.7857142857142857,1
1971-1980,8+,0.8,10
1971-1980,8+,0.8125,1
1971-1980,8+,0.8181818181818182,3
1971-1980,8+,0.8333333333333333,1
1971-1980,8+,0.8461538461538461,1
1971-1980,8+,0.875,36
1971-1980,8+,0.8823529411764705,1
1971-1980,8+,0.8888888888888888,8
1971-1980,8+,0.9,2
1971-1980,8+,0.909090909090909,4
1971-1980,8+,0.9166666666666666,2
1971-1980,8+,0.9230769230769232,3
1971-1980,8+,0.9333333333333332,1
1971-1980,8+,0.9583333333333331,1
1971-1980,8+,1.0,40
1981-1990,1,0.0,641343
1981-1990,1,1.0,86365
1981-1990,2,0.0,531891
1981-1990,2,0.5,185191
1981-1990,2,1.0,17609
1981-1990,3,0.0,288011
1981-1990,3,0.3333333333333333,143079
1981-1990,3,0.6666666666666666,34252
1981-1990,3,1.0,5129
1981-1990,4,0.0,134922
1981-1990,4,0.25,81342
1981-1990,4,0.5,28641
1981-1990,4,0.75,7289
1981-1990,4,1.0,1663
1981-1990,5,0.0,57243
1981-1990,5,0.2,38670
1981-1990,5,0.4,16904
1981-1990,5,0.6,5904
1981-1990,5,0.8,1850
1981-1990,5,1.0,571
1981-1990,6,0.0,24622
1981-1990,6,0.1666666666666666,18420
1981-1990,6,0.3333333333333333,9173
1981-1990,6,0.5,3753
1981-1990,6,0.6666666666666666,1396
1981-1990,6,0.8333333333333333,553
1981-1990,6,1.0,243
1981-1990,7,0.0,10326
1981-1990,7,0.1428571428571428,7922
1981-1990,7,0.2857142857142857,4508
1981-1990,7,0.4285714285714285,2022
1981-1990,7,0.5714285714285714,895
1981-1990,7,0.7142857142857143,395
1981-1990,7,0.8571428571428571,173
1981-1990,7,1.0,112
1981-1990,8+,0.0,8380
1981-1990,8+,0.032258064516129,1
1981-1990,8+,0.0384615384615384,1
1981-1990,8+,0.04,2
1981-1990,8+,0.0434782608695652,1
1981-1990,8+,0.0476190476190476,1
1981-1990,8+,0.05,6
1981-1990,8+,0.0526315789473684,8
1981-1990,8+,0.0555555555555555,11
1981-1990,8+,0.0588235294117647,15
1981-1990,8+,0.0625,27
1981-1990,8+,0.064516129032258,1
1981-1990,8+,0.0666666666666666,42
1981-1990,8+,0.0714285714285714,81
1981-1990,8+,0.0769230769230769,101
1981-1990,8+,0.08,1
1981-1990,8+,0.0833333333333333,197
1981-1990,8+,0.0869565217391304,3
1981-1990,8+,0.0909090909090909,339
1981-1990,8+,0.0952380952380952,1
1981-1990,8+,0.1,1022
1981-1990,8+,0.1052631578947368,5
1981-1990,8+,0.1071428571428571,1
1981-1990,8+,0.1111111111111111,1703
1981-1990,8+,0.1176470588235294,6
1981-1990,8+,0.12,2
1981-1990,8+,0.125,3775
1981-1990,8+,0.1304347826086956,1
1981-1990,8+,0.1333333333333333,34
1981-1990,8+,0.1363636363636363,3
1981-1990,8+,0.1388888888888889,1
1981-1990,8+,0.1428571428571428,39
1981-1990,8+,0.15,3
1981-1990,8+,0.1538461538461538,74
1981-1990,8+,0.1578947368421052,2
1981-1990,8+,0.16,1
1981-1990,8+,0.1666666666666666,139
1981-1990,8+,0.1724137931034482,1
1981-1990,8+,0.1739130434782608,1
1981-1990,8+,0.1764705882352941,8
1981-1990,8+,0.1785714285714285,3
1981-1990,8+,0.1818181818181818,238
1981-1990,8+,0.1851851851851851,1
1981-1990,8+,0.1875,16
1981-1990,8+,0.1904761904761904,1
1981-1990,8+,0.1923076923076923,1
1981-1990,8+,0.2,671
1981-1990,8+,0.2105263157894736,3
1981-1990,8+,0.2142857142857142,32
1981-1990,8+,0.217391304347826,1
1981-1990,8+,0.2222222222222222,1039
1981-1990,8+,0.2272727272727272,1
1981-1990,8+,0.2307692307692307,58
1981-1990,8+,0.2352941176470588,5
1981-1990,8+,0.238095238095238,1
1981-1990,8+,0.2413793103448276,1
1981-1990,8+,0.25,2386
1981-1990,8+,0.2608695652173913,1
1981-1990,8+,0.263157894736842,3
1981-1990,8+,0.2666666666666666,21
1981-1990,8+,0.2727272727272727,147
1981-1990,8+,0.2777777777777777,6
1981-1990,8+,0.28,1
1981-1990,8+,0.2857142857142857,24
1981-1990,8+,0.2916666666666666,1
1981-1990,8+,0.2941176470588235,6
1981-1990,8+,0.3,378
1981-1990,8+,0.3076923076923077,25
1981-1990,8+,0.3125,5
1981-1990,8+,0.3142857142857142,1
1981-1990,8+,0.3157894736842105,2
1981-1990,8+,0.3333333333333333,638
1981-1990,8+,0.3461538461538461,1
1981-1990,8+,0.3478260869565217,1
1981-1990,8+,0.35,2
1981-1990,8+,0.3529411764705882,1
1981-1990,8+,0.3571428571428571,16
1981-1990,8+,0.36,1
1981-1990,8+,0.3636363636363636,105
1981-1990,8+,0.3684210526315789,1
1981-1990,8+,0.375,1156
1981-1990,8+,0.3846153846153846,14
1981-1990,8+,0.3888888888888889,2
1981-1990,8+,0.391304347826087,2
1981-1990,8+,0.3939393939393939,1
1981-1990,8+,0.4,214
1981-1990,8+,0.4117647058823529,1
1981-1990,8+,0.4166666666666666,25
1981-1990,8+,0.4210526315789473,2
1981-1990,8+,0.4285714285714285,10
1981-1990,8+,0.4375,2
1981-1990,8+,0.4444444444444444,331
1981-1990,8+,0.4545454545454545,56
1981-1990,8+,0.4615384615384615,18
1981-1990,8+,0.4666666666666666,6
1981-1990,8+,0.4705882352941176,3
1981-1990,8+,0.5,687
1981-1990,8+,0.5128205128205127,1
1981-1990,8+,0.5151515151515151,1
1981-1990,8+,0.5217391304347825,1
1981-1990,8+,0.5263157894736841,1
1981-1990,8+,0.5294117647058822,1
1981-1990,8+,0.5333333333333333,6
1981-1990,8+,0.5384615384615384,6
1981-1990,8+,0.5428571428571428,1
1981-1990,8+,0.5454545454545454,39
1981-1990,8+,0.5555555555555555,137
1981-1990,8+,0.5625,1
1981-1990,8+,0.5714285714285714,5
1981-1990,8+,0.5833333333333333,17
1981-1990,8+,0.588235294117647,1
1981-1990,8+,0.6,78
1981-1990,8+,0.6153846153846154,8
1981-1990,8+,0.625,268
1981-1990,8+,0.6296296296296297,1
1981-1990,8+,0.6363636363636364,21
1981-1990,8+,0.6428571428571429,3
1981-1990,8+,0.6451612903225806,1
1981-1990,8+,0.6470588235294118,1
1981-1990,8+,0.6666666666666666,114
1981-1990,8+,0.6923076923076922,4
1981-1990,8+,0.7,48
1981-1990,8+,0.7037037037037037,1
1981-1990,8+,0.7058823529411765,3
1981-1990,8+,0.7142857142857143,2
1981-1990,8+,0.7222222222222222,1
1981-1990,8+,0.7272727272727272,20
1981-1990,8+,0.7333333333333332,2
1981-1990,8+,0.75,139
1981-1990,8+,0.7647058823529411,2
1981-1990,8+,0.7692307692307692,4
1981-1990,8+,0.7777777777777777,47
1981-1990,8+,0.7857142857142857,5
1981-1990,8+,0.8,35
1981-1990,8+,0.8181818181818182,8
1981-1990,8+,0.8333333333333333,6
1981-1990,8+,0.8421052631578946,1
1981-1990,8+,0.8461538461538461,3
1981-1990,8+,0.8666666666666667,2
1981-1990,8+,0.875,85
1981-1990,8+,0.8888888888888888,21
1981-1990,8+,0.9,22
1981-1990,8+,0.909090909090909,3
1981-1990,8+,0.9166666666666666,6
1981-1990,8+,0.9230769230769232,2
1981-1990,8+,0.9285714285714286,4
1981-1990,8+,0.9333333333333332,4
1981-1990,8+,0.9473684210526316,1
1981-1990,8+,1.0,111
1991-2000,1,0.0,823086
1991-2000,1,1.0,102189
1991-2000,2,0.0,758187
1991-2000,2,0.5,223308
1991-2000,2,1.0,19405
1991-2000,3,0.0,483399
1991-2000,3,0.3333333333333333,206956
1991-2000,3,0.6666666666666666,45757
1991-2000,3,1.0,6184
1991-2000,4,0.0,271240
1991-2000,4,0.25,142003
1991-2000,4,0.5,45178
1991-2000,4,0.75,11406
1991-2000,4,1.0,2244
1991-2000,5,0.0,143525
1991-2000,5,0.2,85148
1991-2000,5,0.4,33508
1991-2000,5,0.6,10779
1991-2000,5,0.8,3259
1991-2000,5,1.0,885
1991-2000,6,0.0,76321
1991-2000,6,0.1666666666666666,48983
1991-2000,6,0.3333333333333333,21393
1991-2000,6,0.5,8083
1991-2000,6,0.6666666666666666,3160
1991-2000,6,0.8333333333333333,1116
1991-2000,6,1.0,373
1991-2000,7,0.0,36638
1991-2000,7,0.1428571428571428,25637
1991-2000,7,0.2857142857142857,12041
1991-2000,7,0.4285714285714285,5035
1991-2000,7,0.5714285714285714,2078
1991-2000,7,0.7142857142857143,920
1991-2000,7,0.8571428571428571,385
1991-2000,7,1.0,141
1991-2000,8+,0.0,37771
1991-2000,8+,0.0256410256410256,2
1991-2000,8+,0.03125,1
1991-2000,8+,0.032258064516129,1
1991-2000,8+,0.0333333333333333,2
1991-2000,8+,0.0344827586206896,1
1991-2000,8+,0.0357142857142857,1
1991-2000,8+,0.037037037037037,7
1991-2000,8+,0.0384615384615384,4
1991-2000,8+,0.04,5
1991-2000,8+,0.0416666666666666,5
1991-2000,8+,0.0434782608695652,10
1991-2000,8+,0.0454545454545454,13
1991-2000,8+,0.0476190476190476,16
1991-2000,8+,0.05,20
1991-2000,8+,0.0512820512820512,1
1991-2000,8+,0.0526315789473684,35
1991-2000,8+,0.0555555555555555,43
1991-2000,8+,0.0571428571428571,1
1991-2000,8+,0.0588235294117647,68
1991-2000,8+,0.0625,115
1991-2000,8+,0.0666666666666666,197
1991-2000,8+,0.0689655172413793,1
1991-2000,8+,0.0714285714285714,317
1991-2000,8+,0.074074074074074,4
1991-2000,8+,0.0769230769230769,533
1991-2000,8+,0.08,2
1991-2000,8+,0.0833333333333333,973
1991-2000,8+,0.0869565217391304,4
1991-2000,8+,0.0909090909090909,1857
1991-2000,8+,0.09375,2
1991-2000,8+,0.0952380952380952,15
1991-2000,8+,0.1,4032
1991-2000,8+,0.1034482758620689,2
1991-2000,8+,0.1052631578947368,25
1991-2000,8+,0.1071428571428571,1
1991-2000,8+,0.1081081081081081,1
1991-2000,8+,0.1111111111111111,6871
1991-2000,8+,0.1153846153846153,2
1991-2000,8+,0.1176470588235294,56
1991-2000,8+,0.12,2
1991-2000,8+,0.125,13526
1991-2000,8+,0.1304347826086956,5
1991-2000,8+,0.1333333333333333,117
1991-2000,8+,0.1363636363636363,10
1991-2000,8+,0.1379310344827586,1
1991-2000,8+,0.1428571428571428,228
1991-2000,8+,0.15,5
1991-2000,8+,0.1538461538461538,385
1991-2000,8+,0.1578947368421052,27
1991-2000,8+,0.16,3
1991-2000,8+,0.1621621621621621,1
1991-2000,8+,0.1666666666666666,626
1991-2000,8+,0.1739130434782608,3
1991-2000,8+,0.1764705882352941,36
1991-2000,8+,0.1785714285714285,2
1991-2000,8+,0.1818181818181818,1092
1991-2000,8+,0.1875,57
1991-2000,8+,0.1904761904761904,8
1991-2000,8+,0.1923076923076923,1
1991-2000,8+,0.2,2404
1991-2000,8+,0.2068965517241379,1
1991-2000,8+,0.2083333333333333,4
1991-2000,8+,0.2105263157894736,9
1991-2000,8+,0.2142857142857142,135
1991-2000,8+,0.217391304347826,4
1991-2000,8+,0.2222222222222222,3764
1991-2000,8+,0.2272727272727272,1
1991-2000,8+,0.2307692307692307,198
1991-2000,8+,0.2352941176470588,25
1991-2000,8+,0.238095238095238,6
1991-2000,8+,0.24,2
1991-2000,8+,0.2413793103448276,1
1991-2000,8+,0.25,7205
1991-2000,8+,0.2571428571428571,2
1991-2000,8+,0.2580645161290322,1
1991-2000,8+,0.2608695652173913,2
1991-2000,8+,0.263157894736842,8
1991-2000,8+,0.2666666666666666,48
1991-2000,8+,0.2692307692307692,3
1991-2000,8+,0.2727272727272727,598
1991-2000,8+,0.2777777777777777,8
1991-2000,8+,0.28,1
1991-2000,8+,0.2857142857142857,82
1991-2000,8+,0.2903225806451613,1
1991-2000,8+,0.2916666666666666,1
1991-2000,8+,0.2941176470588235,18
1991-2000,8+,0.3,1176
1991-2000,8+,0.3043478260869565,1
1991-2000,8+,0.3076923076923077,125
1991-2000,8+,0.3125,33
1991-2000,8+,0.3157894736842105,7
1991-2000,8+,0.3181818181818181,3
1991-2000,8+,0.3214285714285714,1
1991-2000,8+,0.3225806451612903,1
1991-2000,8+,0.3333333333333333,2118
1991-2000,8+,0.3478260869565217,2
1991-2000,8+,0.35,6
1991-2000,8+,0.3513513513513513,1
1991-2000,8+,0.3529411764705882,8
1991-2000,8+,0.3548387096774193,2
1991-2000,8+,0.3571428571428571,67
1991-2000,8+,0.36,2
1991-2000,8+,0.3636363636363636,288
1991-2000,8+,0.3684210526315789,1
1991-2000,8+,0.375,3117
1991-2000,8+,0.3809523809523809,3
1991-2000,8+,0.3846153846153846,83
1991-2000,8+,0.3870967741935483,1
1991-2000,8+,0.3888888888888889,3
1991-2000,8+,0.391304347826087,2
1991-2000,8+,0.4,629
1991-2000,8+,0.4090909090909091,2
1991-2000,8+,0.4117647058823529,7
1991-2000,8+,0.4166666666666666,122
1991-2000,8+,0.4285714285714285,26
1991-2000,8+,0.4333333333333333,1
1991-2000,8+,0.4375,10
1991-2000,8+,0.44,1
1991-2000,8+,0.4444444444444444,876
1991-2000,8+,0.4482758620689655,1
1991-2000,8+,0.45,1
1991-2000,8+,0.4545454545454545,154
1991-2000,8+,0.4615384615384615,42
1991-2000,8+,0.4666666666666666,18
1991-2000,8+,0.4705882352941176,5
1991-2000,8+,0.4736842105263157,3
1991-2000,8+,0.4761904761904761,1
1991-2000,8+,0.5,1727
1991-2000,8+,0.5172413793103448,1
1991-2000,8+,0.5263157894736841,2
1991-2000,8+,0.5294117647058822,4
1991-2000,8+,0.5333333333333333,9
1991-2000,8+,0.5384615384615384,31
1991-2000,8+,0.5454545454545454,117
1991-2000,8+,0.55,2
1991-2000,8+,0.5555555555555555,407
1991-2000,8+,0.5625,6
1991-2000,8+,0.5641025641025641,1
1991-2000,8+,0.5652173913043477,1
1991-2000,8+,0.5714285714285714,19
1991-2000,8+,0.5769230769230768,1
1991-2000,8+,0.5789473684210527,2
1991-2000,8+,0.5806451612903226,1
1991-2000,8+,0.5833333333333333,29
1991-2000,8+,0.588235294117647,1
1991-2000,8+,0.6,189
1991-2000,8+,0.611111111111111,1
1991-2000,8+,0.6153846153846154,18
1991-2000,8+,0.619047619047619,2
1991-2000,8+,0.625,674
1991-2000,8+,0.6296296296296297,1
1991-2000,8+,0.631578947368421,1
1991-2000,8+,0.6363636363636364,59
1991-2000,8+,0.6428571428571429,11
1991-2000,8+,0.6470588235294118,3
1991-2000,8+,0.65,2
1991-2000,8+,0.6666666666666666,278
1991-2000,8+,0.6842105263157894,1
1991-2000,8+,0.6875,3
1991-2000,8+,0.6923076923076922,17
1991-2000,8+,0.7,104
1991-2000,8+,0.7058823529411765,3
1991-2000,8+,0.7142857142857143,7
1991-2000,8+,0.7222222222222222,1
1991-2000,8+,0.7272727272727272,43
1991-2000,8+,0.7333333333333332,5
1991-2000,8+,0.75,312
1991-2000,8+,0.7631578947368421,1
1991-2000,8+,0.7647058823529411,2
1991-2000,8+,0.7692307692307692,11
1991-2000,8+,0.7777777777777777,113
1991-2000,8+,0.7857142857142857,9
1991-2000,8+,0.8,67
1991-2000,8+,0.8055555555555555,1
1991-2000,8+,0.8076923076923077,1
1991-2000,8+,0.8125,4
1991-2000,8+,0.8148148148148147,1
1991-2000,8+,0.8181818181818182,26
1991-2000,8+,0.8235294117647058,1
1991-2000,8+,0.8333333333333333,16
1991-2000,8+,0.8421052631578946,2
1991-2000,8+,0.8461538461538461,6
1991-2000,8+,0.8518518518518517,1
1991-2000,8+,0.8571428571428571,2
1991-2000,8+,0.8620689655172413,1
1991-2000,8+,0.8666666666666667,3
1991-2000,8+,0.875,149
1991-2000,8+,0.8888888888888888,60
1991-2000,8+,0.894736842105263,1
1991-2000,8+,0.9,31
1991-2000,8+,0.909090909090909,14
1991-2000,8+,0.9166666666666666,9
1991-2000,8+,0.9230769230769232,4
1991-2000,8+,0.9285714285714286,1
1991-2000,8+,0.9333333333333332,1
1991-2000,8+,0.9354838709677418,1
1991-2000,8+,0.9473684210526316,1
1991-2000,8+,0.9523809523809524,1
1991-2000,8+,0.9583333333333331,1
1991-2000,8+,1.0,122
2001-2010,1,0.0,1342070
2001-2010,1,1.0,140544
2001-2010,2,0.0,1396141
2001-2010,2,0.5,330182
2001-2010,2,1.0,29965
2001-2010,3,0.0,1037632
2001-2010,3,0.3333333333333333,360359
2001-2010,3,0.6666666666666666,74801
2001-2010,3,1.0,11808
2001-2010,4,0.0,636619
2001-2010,4,0.25,275468
2001-2010,4,0.5,83618
2001-2010,4,0.75,20847
2001-2010,4,1.0,4515
2001-2010,5,0.0,358731
2001-2010,5,0.2,177574
2001-2010,5,0.4,65000
2001-2010,5,0.6,21262
2001-2010,5,0.8,6315
2001-2010,5,1.0,1767
2001-2010,6,0.0,209133
2001-2010,6,0.1666666666666666,112730
2001-2010,6,0.3333333333333333,46513
2001-2010,6,0.5,17417
2001-2010,6,0.6666666666666666,6471
2001-2010,6,0.8333333333333333,2383
2001-2010,6,1.0,888
2001-2010,7,0.0,109342
2001-2010,7,0.1428571428571428,62073
2001-2010,7,0.2857142857142857,27423
2001-2010,7,0.4285714285714285,11268
2001-2010,7,0.5714285714285714,4573
2001-2010,7,0.7142857142857143,1969
2001-2010,7,0.8571428571428571,776
2001-2010,7,1.0,304
2001-2010,8+,0.0,135028
2001-2010,8+,0.025,1
2001-2010,8+,0.0263157894736842,2
2001-2010,8+,0.0277777777777777,2
2001-2010,8+,0.0294117647058823,1
2001-2010,8+,0.0303030303030303,5
2001-2010,8+,0.03125,1
2001-2010,8+,0.032258064516129,3
2001-2010,8+,0.0333333333333333,7
2001-2010,8+,0.0344827586206896,4
2001-2010,8+,0.0357142857142857,7
2001-2010,8+,0.037037037037037,19
2001-2010,8+,0.0384615384615384,21
2001-2010,8+,0.04,19
2001-2010,8+,0.0416666666666666,36
2001-2010,8+,0.0434782608695652,39
2001-2010,8+,0.0454545454545454,58
2001-2010,8+,0.0476190476190476,68
2001-2010,8+,0.05,111
2001-2010,8+,0.0512820512820512,2
2001-2010,8+,0.0526315789473684,158
2001-2010,8+,0.0555555555555555,215
2001-2010,8+,0.0571428571428571,2
2001-2010,8+,0.0588235294117647,325
2001-2010,8+,0.0606060606060606,4
2001-2010,8+,0.0625,488
2001-2010,8+,0.064516129032258,1
2001-2010,8+,0.0666666666666666,859
2001-2010,8+,0.0689655172413793,4
2001-2010,8+,0.0714285714285714,1270
2001-2010,8+,0.074074074074074,14
2001-2010,8+,0.0769230769230769,2101
2001-2010,8+,0.0789473684210526,2
2001-2010,8+,0.08,16
2001-2010,8+,0.0833333333333333,3825
2001-2010,8+,0.0857142857142857,2
2001-2010,8+,0.0869565217391304,34
2001-2010,8+,0.088235294117647,1
2001-2010,8+,0.0909090909090909,6413
2001-2010,8+,0.09375,5
2001-2010,8+,0.0952380952380952,68
2001-2010,8+,0.1,12230
2001-2010,8+,0.1025641025641025,1
2001-2010,8+,0.1034482758620689,4
2001-2010,8+,0.1052631578947368,83
2001-2010,8+,0.1071428571428571,6
2001-2010,8+,0.1111111111111111,20471
2001-2010,8+,0.1142857142857142,2
2001-2010,8+,0.1153846153846153,9
2001-2010,8+,0.1176470588235294,213
2001-2010,8+,0.12,14
2001-2010,8+,0.1212121212121212,1
2001-2010,8+,0.125,36259
2001-2010,8+,0.1282051282051281,1
2001-2010,8+,0.1290322580645161,2
2001-2010,8+,0.1304347826086956,17
2001-2010,8+,0.1333333333333333,484
2001-2010,8+,0.1351351351351351,2
2001-2010,8+,0.1363636363636363,27
2001-2010,8+,0.1379310344827586,8
2001-2010,8+,0.1388888888888889,1
2001-2010,8+,0.1428571428571428,812
2001-2010,8+,0.1470588235294117,1
2001-2010,8+,0.1481481481481481,2
2001-2010,8+,0.15,57
2001-2010,8+,0.1538461538461538,1209
2001-2010,8+,0.15625,1
2001-2010,8+,0.1578947368421052,73
2001-2010,8+,0.16,14
2001-2010,8+,0.1666666666666666,2147
2001-2010,8+,0.1724137931034482,3
2001-2010,8+,0.1739130434782608,19
2001-2010,8+,0.1764705882352941,137
2001-2010,8+,0.1785714285714285,3
2001-2010,8+,0.1818181818181818,3387
2001-2010,8+,0.1851851851851851,4
2001-2010,8+,0.1875,174
2001-2010,8+,0.1891891891891892,2
2001-2010,8+,0.1904761904761904,30
2001-2010,8+,0.1923076923076923,1
2001-2010,8+,0.1944444444444444,1
2001-2010,8+,0.2,6530
2001-2010,8+,0.2068965517241379,2
2001-2010,8+,0.2083333333333333,12
2001-2010,8+,0.2105263157894736,40
2001-2010,8+,0.2121212121212121,2
2001-2010,8+,0.2142857142857142,441
2001-2010,8+,0.2162162162162162,1
2001-2010,8+,0.217391304347826,14
2001-2010,8+,0.21875,2
2001-2010,8+,0.2222222222222222,9831
2001-2010,8+,0.225,1
2001-2010,8+,0.2272727272727272,13
2001-2010,8+,0.2307692307692307,660
2001-2010,8+,0.2352941176470588,85
2001-2010,8+,0.238095238095238,13
2001-2010,8+,0.24,3
2001-2010,8+,0.2413793103448276,1
2001-2010,8+,0.25,18127
2001-2010,8+,0.2564102564102563,2
2001-2010,8+,0.2571428571428571,1
2001-2010,8+,0.2580645161290322,4
2001-2010,8+,0.2592592592592592,5
2001-2010,8+,0.2608695652173913,7
2001-2010,8+,0.263157894736842,21
2001-2010,8+,0.2666666666666666,183
2001-2010,8+,0.2727272727272727,1768
2001-2010,8+,0.275,1
2001-2010,8+,0.2758620689655172,1
2001-2010,8+,0.2777777777777777,34
2001-2010,8+,0.28,5
2001-2010,8+,0.28125,1
2001-2010,8+,0.2857142857142857,264
2001-2010,8+,0.2894736842105263,1
2001-2010,8+,0.2916666666666666,10
2001-2010,8+,0.2941176470588235,65
2001-2010,8+,0.2962962962962962,3
2001-2010,8+,0.2972972972972973,1
2001-2010,8+,0.3,2999
2001-2010,8+,0.3043478260869565,5
2001-2010,8+,0.3076923076923077,410
2001-2010,8+,0.3103448275862069,1
2001-2010,8+,0.3125,72
2001-2010,8+,0.3142857142857142,1
2001-2010,8+,0.3157894736842105,23
2001-2010,8+,0.3181818181818181,9
2001-2010,8+,0.32,5
2001-2010,8+,0.3214285714285714,3
2001-2010,8+,0.3235294117647059,1
2001-2010,8+,0.3243243243243243,1
2001-2010,8+,0.3333333333333333,5178
2001-2010,8+,0.3448275862068965,1
2001-2010,8+,0.3478260869565217,7
2001-2010,8+,0.35,6
2001-2010,8+,0.3529411764705882,42
2001-2010,8+,0.3571428571428571,156
2001-2010,8+,0.36,2
2001-2010,8+,0.3611111111111111,1
2001-2010,8+,0.3636363636363636,917
2001-2010,8+,0.3666666666666666,2
2001-2010,8+,0.3684210526315789,26
2001-2010,8+,0.3703703703703703,1
2001-2010,8+,0.375,7542
2001-2010,8+,0.3809523809523809,8
2001-2010,8+,0.3846153846153846,233
2001-2010,8+,0.3888888888888889,18
2001-2010,8+,0.391304347826087,3
2001-2010,8+,0.3939393939393939,1
2001-2010,8+,0.4,1597
2001-2010,8+,0.4074074074074073,3
2001-2010,8+,0.4090909090909091,2
2001-2010,8+,0.4117647058823529,22
2001-2010,8+,0.4137931034482758,1
2001-2010,8+,0.4166666666666666,329
2001-2010,8+,0.4210526315789473,3
2001-2010,8+,0.4242424242424242,1
2001-2010,8+,0.4285714285714285,98
2001-2010,8+,0.4333333333333333,1
2001-2010,8+,0.4347826086956521,4
2001-2010,8+,0.4375,45
2001-2010,8+,0.44,3
2001-2010,8+,0.4444444444444444,2234
2001-2010,8+,0.45,9
2001-2010,8+,0.4545454545454545,467
2001-2010,8+,0.4583333333333333,1
2001-2010,8+,0.4615384615384615,126
2001-2010,8+,0.4642857142857143,1
2001-2010,8+,0.4666666666666666,50
2001-2010,8+,0.4705882352941176,20
2001-2010,8+,0.4736842105263157,10
2001-2010,8+,0.4761904761904761,3
2001-2010,8+,0.4782608695652174,3
2001-2010,8+,0.4827586206896551,1
2001-2010,8+,0.4857142857142857,1
2001-2010,8+,0.5,4309
2001-2010,8+,0.5142857142857142,1
2001-2010,8+,0.5172413793103448,1
2001-2010,8+,0.5185185185185184,1
2001-2010,8+,0.52,6
2001-2010,8+,0.5217391304347825,1
2001-2010,8+,0.5238095238095238,7
2001-2010,8+,0.5263157894736841,10
2001-2010,8+,0.5294117647058822,14
2001-2010,8+,0.5333333333333333,28
2001-2010,8+,0.5357142857142857,2
2001-2010,8+,0.5384615384615384,76
2001-2010,8+,0.5416666666666666,2
2001-2010,8+,0.5454545454545454,282
2001-2010,8+,0.55,1
2001-2010,8+,0.5555555555555555,1097
2001-2010,8+,0.56,1
2001-2010,8+,0.5625,13
2001-2010,8+,0.5666666666666667,1
2001-2010,8+,0.5714285714285714,37
2001-2010,8+,0.5769230769230768,1
2001-2010,8+,0.5789473684210527,5
2001-2010,8+,0.5833333333333333,102
2001-2010,8+,0.588235294117647,8
2001-2010,8+,0.5909090909090909,3
2001-2010,8+,0.5925925925925924,2
2001-2010,8+,0.6,444
2001-2010,8+,0.6071428571428571,1
2001-2010,8+,0.608695652173913,3
2001-2010,8+,0.611111111111111,6
2001-2010,8+,0.6153846153846154,49
2001-2010,8+,0.619047619047619,5
2001-2010,8+,0.625,1519
2001-2010,8+,0.631578947368421,1
2001-2010,8+,0.6363636363636364,175
2001-2010,8+,0.6388888888888888,1
2001-2010,8+,0.6428571428571429,29
2001-2010,8+,0.6470588235294118,8
2001-2010,8+,0.65,5
2001-2010,8+,0.6521739130434782,3
2001-2010,8+,0.6666666666666666,628
2001-2010,8+,0.68,1
2001-2010,8+,0.6818181818181817,3
2001-2010,8+,0.6842105263157894,2
2001-2010,8+,0.6875,4
2001-2010,8+,0.6923076923076922,34
2001-2010,8+,0.6956521739130433,1
2001-2010,8+,0.696969696969697,1
2001-2010,8+,0.7,240
2001-2010,8+,0.7058823529411765,2
2001-2010,8+,0.7142857142857143,18
2001-2010,8+,0.72,1
2001-2010,8+,0.7222222222222222,3
2001-2010,8+,0.7272727272727272,98
2001-2010,8+,0.7333333333333332,17
2001-2010,8+,0.7368421052631579,1
2001-2010,8+,0.7391304347826086,1
2001-2010,8+,0.7407407407407407,1
2001-2010,8+,0.75,792
2001-2010,8+,0.7586206896551723,1
2001-2010,8+,0.7647058823529411,4
2001-2010,8+,0.7692307692307692,17
2001-2010,8+,0.7727272727272727,1
2001-2010,8+,0.7777777777777777,273
2001-2010,8+,0.7857142857142857,18
2001-2010,8+,0.7894736842105263,1
2001-2010,8+,0.7931034482758621,1
2001-2010,8+,0.8,134
2001-2010,8+,0.8076923076923077,1
2001-2010,8+,0.8095238095238095,2
2001-2010,8+,0.8125,10
2001-2010,8+,0.8181818181818182,60
2001-2010,8+,0.8235294117647058,2
2001-2010,8+,0.8260869565217391,2
2001-2010,8+,0.8333333333333333,45
2001-2010,8+,0.8461538461538461,16
2001-2010,8+,0.85,2
2001-2010,8+,0.8571428571428571,10
2001-2010,8+,0.8636363636363636,3
2001-2010,8+,0.8648648648648649,2
2001-2010,8+,0.8666666666666667,5
2001-2010,8+,0.8695652173913043,2
2001-2010,8+,0.875,300
2001-2010,8+,0.8823529411764705,1
2001-2010,8+,0.8857142857142856,1
2001-2010,8+,0.8888888888888888,150
2001-2010,8+,0.8928571428571429,1
2001-2010,8+,0.894736842105263,4
2001-2010,8+,0.9,64
2001-2010,8+,0.909090909090909,45
2001-2010,8+,0.9166666666666666,19
2001-2010,8+,0.9230769230769232,8
2001-2010,8+,0.9285714285714286,9
2001-2010,8+,0.9333333333333332,9
2001-2010,8+,0.9375,4
2001-2010,8+,0.9411764705882352,3
2001-2010,8+,0.95,1
2001-2010,8+,0.9523809523809524,1
2001-2010,8+,0.9545454545454544,4
2001-2010,8+,0.9565217391304348,2
2001-2010,8+,1.0,326
2011-2020,1,0.0,1900195
2011-2020,1,1.0,281247
2011-2020,2,0.0,2144870
2011-2020,2,0.5,558988
2011-2020,2,1.0,66988
2011-2020,3,0.0,1873135
2011-2020,3,0.3333333333333333,638904
2011-2020,3,0.6666666666666666,142950
2011-2020,3,1.0,26210
2011-2020,4,0.0,1296450
2011-2020,4,0.25,492605
2011-2020,4,0.5,147819
2011-2020,4,0.75,43065
2011-2020,4,1.0,10118
2011-2020,5,0.0,812530
2011-2020,5,0.2,339967
2011-2020,5,0.4,117098
2011-2020,5,0.6,40469
2011-2020,5,0.8,14419
2011-2020,5,1.0,3795
2011-2020,6,0.0,505914
2011-2020,6,0.1666666666666666,229656
2011-2020,6,0.3333333333333333,86491
2011-2020,6,0.5,32854
2011-2020,6,0.6666666666666666,13696
2011-2020,6,0.8333333333333333,5547
2011-2020,6,1.0,1730
2011-2020,7,0.0,281012
2011-2020,7,0.1428571428571428,133143
2011-2020,7,0.2857142857142857,51860
2011-2020,7,0.4285714285714285,20547
2011-2020,7,0.5714285714285714,8457
2011-2020,7,0.7142857142857143,3912
2011-2020,7,0.8571428571428571,1678
2011-2020,7,1.0,593
2011-2020,8+,0.0,393280
2011-2020,8+,0.025,4
2011-2020,8+,0.0256410256410256,11
2011-2020,8+,0.0263157894736842,5
2011-2020,8+,0.027027027027027,3
2011-2020,8+,0.0277777777777777,6
2011-2020,8+,0.0285714285714285,3
2011-2020,8+,0.0294117647058823,6
2011-2020,8+,0.0303030303030303,15
2011-2020,8+,0.03125,11
2011-2020,8+,0.032258064516129,20
2011-2020,8+,0.0333333333333333,31
2011-2020,8+,0.0344827586206896,32
2011-2020,8+,0.0357142857142857,35
2011-2020,8+,0.037037037037037,35
2011-2020,8+,0.0384615384615384,63
2011-2020,8+,0.04,67
2011-2020,8+,0.0416666666666666,92
2011-2020,8+,0.0434782608695652,128
2011-2020,8+,0.0454545454545454,210
2011-2020,8+,0.0476190476190476,256
2011-2020,8+,0.05,356
2011-2020,8+,0.0526315789473684,442
2011-2020,8+,0.054054054054054,5
2011-2020,8+,0.0555555555555555,669
2011-2020,8+,0.0571428571428571,6
2011-2020,8+,0.0588235294117647,973
2011-2020,8+,0.0606060606060606,10
2011-2020,8+,0.0625,1511
2011-2020,8+,0.064516129032258,14
2011-2020,8+,0.0666666666666666,2361
2011-2020,8+,0.0689655172413793,19
2011-2020,8+,0.0714285714285714,3714
2011-2020,8+,0.074074074074074,30
2011-2020,8+,0.075,4
2011-2020,8+,0.0769230769230769,6024
2011-2020,8+,0.0789473684210526,4
2011-2020,8+,0.08,53
2011-2020,8+,0.081081081081081,5
2011-2020,8+,0.0833333333333333,10315
2011-2020,8+,0.0857142857142857,6
2011-2020,8+,0.0869565217391304,78
2011-2020,8+,0.088235294117647,3
2011-2020,8+,0.0909090909090909,16775
2011-2020,8+,0.09375,14
2011-2020,8+,0.0952380952380952,161
2011-2020,8+,0.0967741935483871,12
2011-2020,8+,0.1,30480
2011-2020,8+,0.1025641025641025,7
2011-2020,8+,0.1034482758620689,24
2011-2020,8+,0.1052631578947368,251
2011-2020,8+,0.1071428571428571,19
2011-2020,8+,0.1081081081081081,1
2011-2020,8+,0.1111111111111111,48326
2011-2020,8+,0.1142857142857142,6
2011-2020,8+,0.1153846153846153,29
2011-2020,8+,0.1176470588235294,556
2011-2020,8+,0.12,32
2011-2020,8+,0.1212121212121212,8
2011-2020,8+,0.125,82843
2011-2020,8+,0.1282051282051281,2
2011-2020,8+,0.1290322580645161,7
2011-2020,8+,0.1304347826086956,54
2011-2020,8+,0.131578947368421,2
2011-2020,8+,0.1333333333333333,1217
2011-2020,8+,0.1351351351351351,3
2011-2020,8+,0.1363636363636363,72
2011-2020,8+,0.1379310344827586,17
2011-2020,8+,0.1388888888888889,3
2011-2020,8+,0.1428571428571428,1960
2011-2020,8+,0.1470588235294117,2
2011-2020,8+,0.1481481481481481,10
2011-2020,8+,0.15,129
2011-2020,8+,0.1515151515151515,4
2011-2020,8+,0.1538461538461538,3040
2011-2020,8+,0.15625,4
2011-2020,8+,0.1578947368421052,172
2011-2020,8+,0.16,20
2011-2020,8+,0.1612903225806451,2
2011-2020,8+,0.1621621621621621,2
2011-2020,8+,0.1666666666666666,5239
2011-2020,8+,0.1714285714285714,3
2011-2020,8+,0.1724137931034482,6
2011-2020,8+,0.1739130434782608,37
2011-2020,8+,0.1764705882352941,298
2011-2020,8+,0.1785714285714285,14
2011-2020,8+,0.1818181818181818,7789
2011-2020,8+,0.1842105263157894,2
2011-2020,8+,0.1851851851851851,10
2011-2020,8+,0.1875,437
2011-2020,8+,0.1891891891891892,1
2011-2020,8+,0.1904761904761904,73
2011-2020,8+,0.1923076923076923,6
2011-2020,8+,0.1935483870967741,4
2011-2020,8+,0.1944444444444444,4
2011-2020,8+,0.2,14317
2011-2020,8+,0.2051282051282051,3
2011-2020,8+,0.2058823529411764,3
2011-2020,8+,0.2068965517241379,8
2011-2020,8+,0.2083333333333333,25
2011-2020,8+,0.2105263157894736,97
2011-2020,8+,0.2121212121212121,1
2011-2020,8+,0.2142857142857142,1003
2011-2020,8+,0.2162162162162162,2
2011-2020,8+,0.217391304347826,25
2011-2020,8+,0.21875,1
2011-2020,8+,0.2222222222222222,20869
2011-2020,8+,0.2258064516129032,4
2011-2020,8+,0.2272727272727272,28
2011-2020,8+,0.2285714285714285,1
2011-2020,8+,0.2307692307692307,1547
2011-2020,8+,0.2333333333333333,3
2011-2020,8+,0.2352941176470588,204
2011-2020,8+,0.2368421052631578,2
2011-2020,8+,0.238095238095238,28
2011-2020,8+,0.24,15
2011-2020,8+,0.2413793103448276,4
2011-2020,8+,0.2424242424242424,4
2011-2020,8+,0.2432432432432432,1
2011-2020,8+,0.25,36399
2011-2020,8+,0.2580645161290322,2
2011-2020,8+,0.2592592592592592,6
2011-2020,8+,0.2608695652173913,14
2011-2020,8+,0.263157894736842,69
2011-2020,8+,0.2647058823529411,2
2011-2020,8+,0.2666666666666666,364
2011-2020,8+,0.2692307692307692,11
2011-2020,8+,0.2702702702702702,1
2011-2020,8+,0.2727272727272727,3663
2011-2020,8+,0.275,2
2011-2020,8+,0.2758620689655172,6
2011-2020,8+,0.2777777777777777,76
2011-2020,8+,0.28,5
2011-2020,8+,0.28125,1
2011-2020,8+,0.2857142857142857,582
2011-2020,8+,0.2894736842105263,1
2011-2020,8+,0.2903225806451613,5
2011-2020,8+,0.2916666666666666,8
2011-2020,8+,0.2941176470588235,107
2011-2020,8+,0.2962962962962962,7
2011-2020,8+,0.3,6169
2011-2020,8+,0.303030303030303,1
2011-2020,8+,0.3043478260869565,19
2011-2020,8+,0.3076923076923077,814
2011-2020,8+,0.3125,147
2011-2020,8+,0.3157894736842105,38
2011-2020,8+,0.3181818181818181,16
2011-2020,8+,0.32,6
2011-2020,8+,0.3214285714285714,6
2011-2020,8+,0.3225806451612903,3
2011-2020,8+,0.3333333333333333,10348
2011-2020,8+,0.3428571428571428,1
2011-2020,8+,0.34375,1
2011-2020,8+,0.3448275862068965,4
2011-2020,8+,0.3461538461538461,6
2011-2020,8+,0.3478260869565217,8
2011-2020,8+,0.35,36
2011-2020,8+,0.3529411764705882,65
2011-2020,8+,0.3571428571428571,330
2011-2020,8+,0.358974358974359,2
2011-2020,8+,0.36,6
2011-2020,8+,0.3611111111111111,1
2011-2020,8+,0.3636363636363636,1795
2011-2020,8+,0.3666666666666666,1
2011-2020,8+,0.3684210526315789,32
2011-2020,8+,0.3703703703703703,5
2011-2020,8+,0.3714285714285714,1
2011-2020,8+,0.375,14187
2011-2020,8+,0.3793103448275861,1
2011-2020,8+,0.3809523809523809,14
2011-2020,8+,0.3823529411764705,3
2011-2020,8+,0.3846153846153846,450
2011-2020,8+,0.3870967741935483,4
2011-2020,8+,0.3888888888888889,41
2011-2020,8+,0.391304347826087,7
2011-2020,8+,0.3928571428571428,3
2011-2020,8+,0.3939393939393939,3
2011-2020,8+,0.3947368421052631,1
2011-2020,8+,0.4,3085
2011-2020,8+,0.4054054054054054,3
2011-2020,8+,0.40625,1
2011-2020,8+,0.4074074074074073,1
2011-2020,8+,0.4090909090909091,9
2011-2020,8+,0.4102564102564102,1
2011-2020,8+,0.4117647058823529,51
2011-2020,8+,0.4137931034482758,2
2011-2020,8+,0.4166666666666666,706
2011-2020,8+,0.4193548387096774,1
2011-2020,8+,0.4210526315789473,25
2011-2020,8+,0.423076923076923,2
2011-2020,8+,0.4242424242424242,1
2011-2020,8+,0.4285714285714285,206
2011-2020,8+,0.4333333333333333,2
2011-2020,8+,0.4347826086956521,6
2011-2020,8+,0.4375,87
2011-2020,8+,0.44,2
2011-2020,8+,0.4411764705882352,1
2011-2020,8+,0.4444444444444444,4036
2011-2020,8+,0.4482758620689655,1
2011-2020,8+,0.45,15
2011-2020,8+,0.4516129032258064,1
2011-2020,8+,0.4545454545454545,993
2011-2020,8+,0.4583333333333333,5
2011-2020,8+,0.4615384615384615,275
2011-2020,8+,0.4642857142857143,1
2011-2020,8+,0.4666666666666666,115
2011-2020,8+,0.4705882352941176,33
2011-2020,8+,0.4722222222222222,1
2011-2020,8+,0.4736842105263157,12
2011-2020,8+,0.4761904761904761,8
2011-2020,8+,0.4782608695652174,4
2011-2020,8+,0.48,2
2011-2020,8+,0.4814814814814814,6
2011-2020,8+,0.4827586206896551,4
2011-2020,8+,0.4848484848484848,2
2011-2020,8+,0.4864864864864865,1
2011-2020,8+,0.5,8421
2011-2020,8+,0.5135135135135134,1
2011-2020,8+,0.5151515151515151,1
2011-2020,8+,0.5161290322580645,1
2011-2020,8+,0.5172413793103448,3
2011-2020,8+,0.5185185185185184,2
2011-2020,8+,0.52,2
2011-2020,8+,0.5217391304347825,1
2011-2020,8+,0.5238095238095238,8
2011-2020,8+,0.5263157894736841,14
2011-2020,8+,0.5277777777777777,1
2011-2020,8+,0.5294117647058822,33
2011-2020,8+,0.53125,1
2011-2020,8+,0.5333333333333333,79
2011-2020,8+,0.5357142857142857,1
2011-2020,8+,0.5384615384615384,178
2011-2020,8+,0.5405405405405405,1
2011-2020,8+,0.5416666666666666,3
2011-2020,8+,0.5454545454545454,546
2011-2020,8+,0.5483870967741935,3
2011-2020,8+,0.55,14
2011-2020,8+,0.5517241379310344,2
2011-2020,8+,0.5555555555555555,2013
2011-2020,8+,0.56,3
2011-2020,8+,0.5625,35
2011-2020,8+,0.5652173913043477,4
2011-2020,8+,0.5675675675675675,1
2011-2020,8+,0.5714285714285714,103
2011-2020,8+,0.5769230769230768,3
2011-2020,8+,0.5789473684210527,11
2011-2020,8+,0.5806451612903226,2
2011-2020,8+,0.5833333333333333,255
2011-2020,8+,0.588235294117647,18
2011-2020,8+,0.5909090909090909,4
2011-2020,8+,0.6,931
2011-2020,8+,0.6052631578947368,1
2011-2020,8+,0.6071428571428571,1
2011-2020,8+,0.608695652173913,1
2011-2020,8+,0.611111111111111,13
2011-2020,8+,0.6129032258064516,1
2011-2020,8+,0.6153846153846154,95
2011-2020,8+,0.6176470588235294,1
2011-2020,8+,0.619047619047619,5
2011-2020,8+,0.6216216216216216,1
2011-2020,8+,0.625,3258
2011-2020,8+,0.631578947368421,14
2011-2020,8+,0.6333333333333333,2
2011-2020,8+,0.6363636363636364,358
2011-2020,8+,0.6388888888888888,1
2011-2020,8+,0.64,2
2011-2020,8+,0.6428571428571429,69
2011-2020,8+,0.6470588235294118,23
2011-2020,8+,0.65,7
2011-2020,8+,0.6521739130434782,4
2011-2020,8+,0.6538461538461539,1
2011-2020,8+,0.6551724137931034,1
2011-2020,8+,0.65625,1
2011-2020,8+,0.6571428571428571,1
2011-2020,8+,0.6666666666666666,1298
2011-2020,8+,0.676470588235294,1
2011-2020,8+,0.68,1
2011-2020,8+,0.6818181818181817,5
2011-2020,8+,0.6842105263157894,8
2011-2020,8+,0.6875,27
2011-2020,8+,0.6896551724137931,2
2011-2020,8+,0.6923076923076922,95
2011-2020,8+,0.6956521739130433,2
2011-2020,8+,0.7,556
2011-2020,8+,0.7027027027027027,1
2011-2020,8+,0.7058823529411765,11
2011-2020,8+,0.7083333333333333,3
2011-2020,8+,0.7142857142857143,42
2011-2020,8+,0.72,6
2011-2020,8+,0.7222222222222222,8
2011-2020,8+,0.7272727272727272,184
2011-2020,8+,0.7307692307692307,1
2011-2020,8+,0.7333333333333332,34
2011-2020,8+,0.7368421052631579,5
2011-2020,8+,0.7391304347826086,1
2011-2020,8+,0.75,1686
2011-2020,8+,0.7575757575757575,1
2011-2020,8+,0.7619047619047618,1
2011-2020,8+,0.7647058823529411,10
2011-2020,8+,0.7692307692307692,60
2011-2020,8+,0.7727272727272727,3
2011-2020,8+,0.7777777777777777,580
2011-2020,8+,0.78125,1
2011-2020,8+,0.7857142857142857,39
2011-2020,8+,0.7894736842105263,6
2011-2020,8+,0.7931034482758621,1
2011-2020,8+,0.7941176470588234,2
2011-2020,8+,0.8,332
2011-2020,8+,0.8064516129032256,1
2011-2020,8+,0.8076923076923077,1
2011-2020,8+,0.8095238095238095,1
2011-2020,8+,0.8125,8
2011-2020,8+,0.8148148148148147,1
2011-2020,8+,0.8181818181818182,133
2011-2020,8+,0.8205128205128204,2
2011-2020,8+,0.8235294117647058,10
2011-2020,8+,0.825,1
2011-2020,8+,0.8260869565217391,1
2011-2020,8+,0.8333333333333333,87
2011-2020,8+,0.8387096774193548,1
2011-2020,8+,0.8421052631578946,4
2011-2020,8+,0.84375,1
2011-2020,8+,0.8461538461538461,39
2011-2020,8+,0.8484848484848485,1
2011-2020,8+,0.85,3
2011-2020,8+,0.8571428571428571,30
2011-2020,8+,0.8620689655172413,1
2011-2020,8+,0.8666666666666667,15
2011-2020,8+,0.875,772
2011-2020,8+,0.88,1
2011-2020,8+,0.8823529411764705,5
2011-2020,8+,0.8846153846153845,1
2011-2020,8+,0.8888888888888888,291
2011-2020,8+,0.894736842105263,1
2011-2020,8+,0.9,169
2011-2020,8+,0.9047619047619048,2
2011-2020,8+,0.909090909090909,89
2011-2020,8+,0.9166666666666666,48
2011-2020,8+,0.9230769230769232,21
2011-2020,8+,0.925925925925926,1
2011-2020,8+,0.9285714285714286,10
2011-2020,8+,0.9333333333333332,6
2011-2020,8+,0.9375,9
2011-2020,8+,0.9411764705882352,5
2011-2020,8+,0.9444444444444444,3
2011-2020,8+,0.9473684210526316,1
2011-2020,8+,0.95,1
2011-2020,8+,0.9655172413793104,1
2011-2020,8+,0.9666666666666666,1
2011-2020,8+,1.0,596